5,6,11,11,18,14,10,2,6,10,3
5,6,6,16,24,10,12,21,27,30,53
5,17,32,53,55,63,53,33,39,41,29
5,26,34,28,27,30,17,20,15,14,20
5,9,20,14,19,27,24,52,51,41,27
5,5,15,35,58,68,62,74,103,121,119
5,6,6,16,44,47,30,16,15,15,15
5,1,13,18,14,4,22,28,39,37,30
5,7,4,6,5,17,7,20,19,15,20
5,17,23,35,40,52,69,49,47,45,42
5,8,6,13,19,19,40,46,35,25,23
5,22,40,71,69,57,55,30,33,30,33
5,10,21,35,38,24,30,7,3,5,9
5,8,16,10,12,11,15,40,43,55,68
5,14,22,18,19,20,16,27,23,12,23
5,5,21,47,44,52,46,28,24,9,6
5,8,7,12,15,12,15,13,8,9,3
5,5,3,3,4,7,6,15,14,13,4
5,19,19,13,12,8,8,9,11,17,8
5,2,5,11,13,33,50,44,50,67,87
5,8,15,13,20,8,11,14,12,13,13
5,9,23,43,40,35,39,38,39,50,20
5,8,9,16,19,7,4,5,6,4,1
5,15,21,12,27,33,20,21,28,24,16
5,16,14,17,24,29,22,26,29,31,22
5,5,4,4,7,3,8,13,19,36,38
5,14,18,15,15,22,22,17,14,29,12
5,5,19,9,7,14,29,29,43,40,57
5,3,11,15,24,31,20,23,12,24,13
5,16,30,22,23,13,13,20,15,11,11
5,8,22,28,35,31,18,28,17,10,5
5,7,16,16,30,43,74,91,70,91,68
5,21,25,19,22,26,10,20,14,5,2
5,8,30,25,17,13,12,15,18,18,13
5,5,10,26,28,33,41,38,33,14,8
5,4,9,9,20,33,43,39,16,19,18
5,27,34,42,39,36,29,45,60,69,61
5,9,6,7,21,24,22,39,36,32,24
5,2,21,34,48,53,73,61,44,26,17
5,21,27,30,16,8,15,7,6,16,18
5,12,28,33,43,32,43,35,9,9,20
5,2,3,10,13,13,24,44,22,7,3
5,9,14,33,43,51,39,36,44,27,24
5,7,13,7,20,24,24,64,84,101,82
5,6,11,22,38,77,89,137,148,142,102
5,6,9,23,13,21,13,5,3,4,4
5,23,26,21,23,26,14,12,22,40,48
5,16,22,21,8,3,7,2,8,3,3
5,14,22,26,25,26,26,23,38,25,14
5,8,12,12,26,11,11,17,20,6,8
5,15,21,16,6,4,6,13,12,21,16
5,9,11,16,12,12,9,6,6,12,8
5,20,10,11,9,15,27,15,17,10,6
5,5,7,2,3,6,15,60,56,80,73
5,13,19,28,41,59,55,40,29,24,17
5,8,6,7,5,3,10,33,26,16,20
5,12,16,16,16,12,14,14,15,5,4
5,13,22,30,44,54,64,104,114,85,102
5,7,3,3,2,9,3,6,7,1,5
5,14,15,28,18,13,16,19,10,15,24
5,1,4,5,4,12,7,27,42,39,29
5,7,20,33,47,53,47,64,62,36,23
5,6,9,14,23,50,40,24,31,22,44
5,9,8,7,13,21,18,18,23,45,57
5,11,22,27,46,63,48,55,39,24,31
5,2,6,5,8,14,13,11,15,19,25
5,4,7,10,15,23,22,12,14,12,5
5,15,24,35,49,56,71,71,58,37,37
5,13,18,41,55,70,60,45,41,72,66
5,13,27,37,54,65,54,56,61,33,21
5,3,12,19,14,22,26,15,9,4,28
5,6,9,10,3,5,4,11,10,8,10
5,15,33,59,92,128,156,126,101,119,185
5,7,7,13,16,20,22,31,35,42,24
5,6,19,41,67,89,81,72,56,69,64
5,4,6,11,8,10,4,12,16,23,23
5,12,27,47,59,50,44,65,53,66,51
5,5,10,6,7,18,19,19,29,17,9
5,6,19,22,29,22,9,12,22,14,15
5,12,6,15,24,27,25,11,18,24,18
5,10,2,3,3,10,18,14,21,10,14
5,26,34,25,22,33,30,21,24,23,24
5,7,18,9,19,11,22,22,19,11,14
5,7,17,21,15,24,30,27,26,22,13
5,3,4,15,19,5,8,14,6,2,3
5,11,18,20,20,28,14,5,9,7,7
5,11,21,24,42,37,24,17,11,12,31
5,9,11,20,26,30,47,9,19,22,11
5,10,12,18,15,21,40,41,43,35,48
5,15,26,34,24,14,23,31,22,30,57
5,32,30,16,18,29,44,29,21,20,24
5,8,24,24,18,17,20,20,31,31,16
5,9,5,7,11,12,12,9,14,9,6
5,9,9,13,27,19,40,44,49,40,63
5,6,12,30,26,12,15,24,27,10,1
5,10,14,30,53,69,76,69,100,136,128
5,8,13,12,9,25,26,27,36,45,64
5,23,25,44,64,40,30,24,26,18,18
5,6,29,32,27,15,39,30,33,20,2
5,5,6,18,21,16,18,23,22,21,10
5,3,4,12,5,19,36,56,65,61,47
5,13,13,24,27,44,41,23,11,18,19
5,15,16,39,37,35,37,40,67,87,84
5,12,8,15,30,39,31,25,33,37,40
5,14,14,13,24,25,31,8,8,15,4
5,10,21,28,35,14,6,6,10,34,47
5,7,9,6,3,7,28,18,20,14,10
5,5,18,40,55,47,39,58,51,55,97
5,9,8,17,25,11,7,12,15,7,12
5,10,7,18,47,57,30,24,48,52,82
5,18,35,47,54,46,51,39,65,57,92
5,5,14,13,5,5,9,4,5,4,6
5,16,18,24,34,38,85,116,114,85,100
5,6,12,38,55,39,44,63,104,103,122
5,15,23,26,40,73,63,54,49,32,43
5,19,27,36,20,12,23,33,37,44,41
5,14,19,16,22,14,15,15,18,28,17
5,16,31,25,27,59,75,56,59,32,39
5,3,10,17,22,28,25,44,55,91,72
5,11,37,44,39,32,32,40,38,54,82
5,15,10,2,5,10,8,4,5,4,2
5,5,32,57,60,53,48,41,22,20,28
5,12,54,56,54,28,13,32,40,57,61
5,4,6,14,20,30,33,44,48,50,44
5,3,4,3,3,20,18,22,21,9,13
5,12,17,24,18,18,17,29,43,44,27
5,5,7,11,11,7,8,26,14,13,10
5,11,4,7,6,15,10,10,10,12,13
5,5,9,4,9,20,34,49,46,47,54
5,17,17,32,46,61,43,42,33,24,17
5,9,20,52,58,28,38,28,48,36,11
5,14,15,25,34,51,71,64,38,33,48
5,18,22,29,51,52,36,49,59,49,76
5,6,12,12,14,17,40,36,37,24,13
5,12,9,9,7,13,12,7,6,9,6
5,10,33,29,51,56,60,32,18,13,8
5,16,13,26,22,34,48,48,57,58,53
5,7,21,29,34,37,45,46,47,43,36
5,8,12,7,7,4,2,8,8,18,19
5,21,15,24,38,48,45,41,31,10,2
5,6,13,26,36,20,8,24,41,55,66
5,18,27,18,12,15,20,46,64,46,34
5,6,13,12,22,40,17,7,13,22,66
5,7,25,44,24,24,30,30,12,5,15
5,14,56,73,78,80,66,55,54,36,40
5,7,19,18,33,34,26,43,59,60,86
5,6,10,23,31,24,8,9,13,12,9
5,6,11,27,44,25,31,22,9,13,18
5,3,4,5,10,6,7,7,17,27,68
5,8,16,48,71,88,73,86,90,78,98
5,15,27,15,24,48,49,45,62,61,59
5,19,13,17,37,50,40,37,51,38,36
5,10,6,18,35,30,45,60,72,55,50
5,10,21,14,10,5,6,9,9,6,4
5,17,34,29,37,57,65,34,35,29,28
5,6,7,18,19,36,29,22,14,21,22
5,26,67,77,74,62,31,38,16,30,43
5,10,13,5,12,40,20,22,13,13,25
5,19,31,44,47,47,57,53,54,46,39
5,2,4,8,23,15,18,31,42,35,59
5,3,2,4,9,22,13,6,2,2,6
5,16,9,14,20,28,20,12,17,13,19
5,17,12,18,8,10,4,8,12,17,23
5,8,4,6,7,12,19,25,26,8,2
5,10,11,20,19,27,27,49,57,43,42
5,25,26,31,29,13,11,24,28,43,45
5,14,23,19,19,35,44,46,71,103,105
5,13,13,44,44,37,58,63,27,14,4
5,4,7,21,35,30,41,45,73,112,92
5,12,18,20,18,14,24,31,47,42,69
5,31,31,19,20,14,20,14,31,18,9
5,9,28,20,27,46,52,56,53,83,72
5,8,11,6,5,10,14,37,15,17,4
5,6,10,16,34,24,8,9,4,11,19
5,12,15,12,5,21,43,39,42,36,45
5,5,11,12,18,47,48,61,65,55,37
5,6,5,15,4,2,8,15,25,52,45
5,15,26,29,28,36,35,28,27,20,22
5,7,25,40,22,42,39,33,66,101,82
5,3,3,5,7,27,52,65,58,27,18
5,8,16,22,24,57,76,80,86,121,158
5,10,34,20,45,48,46,29,27,25,46
5,7,12,27,17,29,35,25,20,20,17
5,6,15,7,15,42,53,52,42,70,56
5,13,14,15,19,12,31,29,41,29,38
5,11,15,11,21,18,20,33,21,27,17
5,21,12,13,11,26,28,69,74,75,75
5,5,8,12,11,22,59,79,87,121,133
5,7,11,30,50,98,78,87,80,69,63
5,13,35,40,31,61,97,134,119,131,181
5,11,4,3,19,39,31,36,43,46,72
5,11,22,36,34,12,1,5,5,6,1
5,14,15,25,23,33,42,30,33,26,23
5,2,3,6,9,6,8,23,14,7,4
5,5,8,34,93,96,95,104,86,93,75
5,20,44,63,57,70,79,93,94,89,106
5,4,23,19,19,18,3,6,9,6,9
5,12,10,13,33,32,20,41,39,44,45
5,24,36,42,44,70,56,62,45,49,51
5,9,5,15,15,13,14,14,8,12,3
5,6,9,17,10,14,22,27,30,16,18
5,20,26,25,24,20,27,11,15,27,30
5,15,16,14,16,12,7,9,17,10,13
5,11,14,4,7,11,10,20,9,20,28
5,15,28,29,34,44,26,37,32,15,20
5,13,22,24,47,71,60,28,20,16,16
5,15,20,27,36,51,59,58,54,58,22
5,9,8,8,8,6,6,16,7,11,17
5,22,24,21,21,20,14,20,5,8,19
5,7,16,24,41,52,44,41,45,38,25
5,4,6,23,37,22,19,34,21,24,13
5,3,4,1,14,12,6,16,16,18,43
5,6,8,18,31,8,11,8,13,14,8
5,11,11,20,17,24,17,14,24,20,22
5,6,20,25,19,17,9,5,8,1,2
5,10,27,52,52,45,40,46,39,49,22
5,17,32,38,72,52,45,59,63,77,102
5,9,15,18,25,20,12,15,16,25,40
5,15,19,23,34,32,33,41,51,66,74
5,15,17,37,40,29,20,14,12,6,12
5,22,32,37,55,75,98,102,109,68,58
5,5,13,32,46,51,52,36,39,32,47
5,13,31,22,23,19,22,20,16,6,6
5,16,22,20,26,29,47,20,11,9,4
5,9,12,21,29,49,72,77,75,66,43
5,5,10,32,28,28,27,17,11,6,12
5,8,6,10,16,15,13,5,14,25,15
5,5,6,10,7,21,9,14,22,34,25
5,5,7,2,11,21,26,21,45,48,56
5,33,47,43,42,40,33,19,4,7,4
5,4,8,6,10,26,42,50,48,35,50
5,17,32,46,35,18,16,17,27,68,110
5,20,21,23,29,13,3,4,8,5,1
5,24,19,9,20,29,35,62,75,64,80
5,5,10,8,7,9,17,20,30,18,15
5,12,24,40,18,15,8,8,6,8,1
5,16,24,45,24,14,21,21,15,21,36
5,4,7,7,15,21,36,17,16,9,6
5,8,22,36,18,12,17,11,17,15,8
5,5,8,6,2,10,16,32,40,42,56
5,11,14,8,43,34,33,39,40,39,28
5,6,10,31,12,17,35,43,44,49,52
5,15,16,23,33,23,40,80,97,79,47
5,17,12,13,19,21,35,47,53,48,48
5,15,22,27,37,44,36,43,52,39,14
5,18,18,22,29,9,13,23,15,5,3
5,3,15,19,5,6,9,9,13,13,28
5,37,51,39,46,62,45,47,49,43,41
5,13,24,33,22,30,26,17,32,35,47
5,14,35,42,56,55,91,76,61,33,41
5,8,5,3,5,8,23,12,45,54,44
5,5,16,21,21,26,37,26,14,10,11
5,1,4,6,25,49,46,47,58,73,64
5,12,29,16,25,13,21,23,31,53,59
5,17,38,54,71,68,82,99,116,128,102
5,7,15,19,40,36,36,36,45,34,43
5,9,13,21,25,27,38,36,36,42,58
5,5,8,26,25,10,10,13,16,10,23
5,18,29,32,33,7,10,16,31,14,30
5,8,6,11,25,37,31,20,29,44,26
5,12,21,36,71,35,17,5,6,23,14
5,17,33,46,55,40,27,17,5,15,30
5,10,30,17,10,16,9,11,31,15,7
5,8,10,12,12,25,44,25,15,13,7
5,16,10,16,15,17,12,16,30,51,54
5,7,2,11,4,11,7,7,9,15,12
5,24,64,112,120,138,85,56,47,43,59
5,5,11,8,12,9,31,25,33,67,40
5,10,9,6,12,10,21,31,40,49,47
5,4,15,10,32,50,66,56,71,65,75
5,6,22,37,42,41,46,45,34,22,33
5,13,16,20,12,22,10,10,16,17,18
5,8,8,21,14,19,8,10,15,13,20
5,4,12,22,24,34,23,15,7,8,4
5,22,28,31,40,18,38,22,23,4,1
5,10,16,25,31,45,34,25,15,14,33
5,12,13,11,27,9,17,18,13,6,4
5,9,22,22,33,65,75,91,92,97,105
5,6,18,20,24,34,59,75,75,90,100
5,3,13,19,20,25,36,45,28,14,7
5,7,16,7,4,20,29,11,6,11,10
5,7,5,11,15,3,15,15,16,14,19
5,21,18,29,32,47,46,25,31,9,13
5,11,15,15,23,32,43,40,57,80,71
5,10,5,8,11,25,37,35,42,65,39
5,8,10,22,42,54,53,41,57,31,46
5,9,10,8,8,8,2,6,12,10,15
5,11,14,18,28,26,45,44,46,50,49
5,8,8,9,16,12,12,11,18,11,9
5,14,38,27,40,21,27,31,24,38,44
5,7,7,14,18,32,66,58,29,34,36
5,8,13,40,62,64,64,43,8,3,12
5,18,30,34,66,54,65,64,46,20,14
5,6,27,24,16,20,21,17,11,18,7
5,9,12,9,20,18,26,26,23,19,14
5,2,14,3,14,15,24,11,14,19,18
5,20,23,45,44,60,77,75,66,53,49
5,11,4,10,14,12,32,37,35,26,23
5,12,28,36,36,35,38,70,50,57,60
5,6,12,11,14,40,42,53,70,49,37
5,8,6,32,24,14,27,31,52,34,29
5,11,17,17,25,33,48,67,80,65,45
5,2,7,17,31,29,27,16,2,6,7
5,7,16,13,15,6,9,11,25,19,26
5,28,36,31,33,56,62,61,61,30,13
5,16,14,40,39,34,37,75,111,103,150
5,12,18,26,24,27,29,26,17,20,25
5,8,19,22,12,20,11,18,26,25,20
5,8,4,11,29,29,65,78,91,80,105
5,6,18,17,19,42,62,48,68,72,80
5,4,11,32,45,44,27,51,85,81,67
5,20,24,25,16,9,13,12,13,19,26
5,7,4,7,14,13,11,15,14,21,28
5,6,17,35,33,26,31,33,22,28,31
5,6,17,23,19,31,28,5,5,6,16
5,11,5,4,13,12,28,39,35,24,34
5,4,4,5,12,19,17,7,16,14,12
5,10,17,40,75,83,86,104,117,138,160
5,6,13,13,11,17,30,20,26,32,26
5,16,30,33,26,11,19,4,7,18,41
5,11,12,7,7,25,40,34,26,30,28
5,13,15,24,24,49,52,54,75,76,106
5,7,5,4,14,15,10,18,31,34,10
5,6,9,9,18,32,23,41,25,14,21
5,9,25,40,54,36,44,35,47,55,29
5,26,45,33,41,61,81,66,78,109,128
5,17,22,31,33,36,43,51,48,49,12
5,7,12,13,13,13,16,12,12,10,2
5,8,11,17,11,13,8,7,10,11,7
5,8,13,11,11,12,15,12,17,20,12
5,11,11,2,3,11,13,24,27,33,47
5,26,24,21,45,47,29,24,41,62,94
5,11,25,18,11,7,13,16,39,39,32
5,11,11,8,7,15,15,15,30,30,38
5,11,20,32,40,47,51,63,71,81,65
5,13,10,30,55,81,66,68,53,52,31
5,24,61,77,117,147,142,219,267,337,388
5,6,4,6,5,14,11,7,3,18,7
5,11,15,12,11,17,16,23,19,9,11
5,10,9,19,28,48,36,15,9,10,21
5,11,24,28,59,42,23,27,37,51,44
5,8,13,23,23,40,24,23,37,37,34
5,4,13,3,21,48,62,49,43,38,49
5,6,9,27,48,56,67,67,52,46,21
5,7,11,7,4,9,8,10,15,9,16
5,3,4,15,50,83,59,37,28,8,5
5,19,19,35,32,16,22,9,16,17,6
5,10,9,8,12,24,22,34,34,21,28
5,14,33,39,41,34,26,24,38,41,36
5,11,23,39,21,22,32,42,39,43,36
5,7,15,11,8,6,4,8,23,46,52
5,2,8,11,20,21,27,29,22,10,2
5,8,10,11,14,21,19,17,11,21,29
5,5,6,10,15,22,9,12,14,3,6
5,6,3,8,16,16,31,35,62,86,74
5,27,26,19,10,16,24,22,14,12,11
5,16,18,31,43,72,44,56,79,73,68
5,7,3,17,10,23,24,42,28,7,11
5,17,26,35,43,31,38,21,33,38,33
5,13,21,59,114,97,70,89,126,161,160
5,29,18,39,44,44,68,73,85,96,69
5,5,12,19,35,69,72,85,83,70,36
5,3,2,11,17,25,28,32,34,43,39
5,8,19,38,39,31,18,16,28,47,45
5,11,19,13,7,10,24,33,50,29,15
5,3,3,10,18,16,21,21,21,25,29
5,13,33,37,18,20,20,39,32,23,24
5,18,38,16,15,30,44,65,38,31,13
5,11,17,39,42,30,20,11,10,7,11
5,6,22,12,25,14,5,9,12,9,6
5,10,30,43,62,62,68,82,93,118,122
5,12,10,3,11,9,21,13,4,12,10
5,7,7,13,15,6,8,7,7,8,4
5,4,10,28,40,48,66,93,104,116,103
5,9,27,21,38,55,108,134,177,160,134
5,18,19,19,29,24,26,51,77,90,57
5,9,4,2,5,5,3,9,13,24,1
5,5,10,27,18,5,4,4,9,10,13
5,14,15,17,31,52,34,28,25,13,21
5,9,10,10,8,5,12,34,51,66,74
5,13,26,14,14,16,4,7,9,19,16
5,7,14,15,8,14,15,13,15,21,26
5,5,5,19,19,47,66,47,58,39,36
5,12,19,13,11,10,19,23,34,27,28
5,6,4,10,4,6,15,9,10,5,1
5,12,7,7,4,4,5,6,12,14,4
5,4,4,9,5,10,3,2,5,2,1
5,4,8,18,17,28,53,47,41,47,44
5,25,41,33,27,31,50,54,46,60,45
5,9,4,2,8,19,25,39,36,18,12
5,5,4,15,30,33,49,51,35,43,73
5,7,13,20,43,28,27,20,14,10,6
5,4,7,7,7,15,10,17,11,4,4
5,9,8,22,44,39,23,22,23,25,33
5,10,32,30,28,24,21,28,24,40,12
5,11,16,33,32,38,22,21,31,30,33
5,20,29,26,16,5,8,9,9,5,2
5,6,1,4,6,14,20,16,14,3,1
5,8,22,33,49,99,120,166,97,85,107
5,9,23,44,60,54,79,105,127,124,120
5,11,12,23,30,43,100,119,120,99,96
5,7,6,30,10,9,10,28,20,21,7
5,4,21,30,50,63,57,62,55,80,79
5,5,9,20,29,21,17,12,28,19,17
5,15,28,51,64,42,57,60,76,91,90
5,15,14,16,3,5,8,13,6,3,3
5,24,31,31,21,24,13,10,9,9,12
5,7,6,18,44,63,99,120,134,153,129
5,7,24,28,15,26,26,39,38,51,24
5,7,9,27,51,49,51,52,50,44,33
5,14,36,20,17,13,5,24,20,9,15
5,21,17,9,17,23,13,7,13,16,9
5,14,19,15,22,45,28,26,47,49,28
5,6,16,28,20,28,33,15,12,22,47
5,11,39,52,39,43,47,60,54,49,83
5,12,11,6,21,30,17,10,10,19,34
5,5,23,30,25,17,19,22,16,7,9
5,8,5,12,12,21,22,24,16,12,17
5,10,4,8,6,7,21,47,36,34,49
5,21,27,23,13,15,17,7,19,24,26
5,6,15,32,65,73,64,109,113,96,95
5,12,19,17,26,29,49,61,82,81,57
5,1,6,6,7,6,15,10,4,13,34
5,12,30,43,32,35,37,41,26,15,29
5,3,6,8,20,28,57,53,57,58,60
5,17,16,15,23,24,31,49,30,39,17
5,8,18,22,18,15,16,33,24,20,35
5,6,8,6,14,20,16,18,24,31,17
5,5,7,12,8,14,27,41,32,51,79
5,9,7,23,45,50,27,26,21,5,6
5,11,12,25,28,39,86,118,127,129,118
5,19,21,29,42,74,66,91,87,83,77
5,6,16,31,19,24,43,36,40,57,73
5,18,27,26,30,30,25,27,25,12,9
5,21,13,15,18,11,9,14,31,56,50
5,6,12,4,9,9,12,12,7,11,5
5,17,15,11,17,15,12,14,6,7,3
5,14,23,3,8,12,15,28,43,43,43
5,23,29,27,25,15,8,13,10,10,7
5,14,19,17,28,11,10,18,21,29,46
5,5,5,17,48,41,23,28,40,30,11
5,17,28,10,19,18,14,8,21,19,28
5,6,2,8,4,3,27,29,21,45,65
5,10,16,11,27,32,35,23,23,23,14
5,9,9,14,15,16,9,23,21,8,2
5,16,12,8,20,7,7,7,8,9,5
5,3,3,5,6,9,18,34,32,29,18
5,2,2,6,10,13,8,12,23,33,41
5,24,52,33,40,38,35,32,36,66,44
5,13,19,18,14,20,17,9,8,11,19
5,8,9,16,13,13,8,17,19,13,13
5,11,13,7,20,14,21,27,22,27,28
5,10,6,4,19,32,28,27,19,2,1
5,11,11,41,48,55,54,51,23,13,27
5,3,6,12,11,24,27,35,33,47,54
5,4,15,21,14,25,26,12,17,14,15
5,16,12,22,18,45,40,45,37,37,35
5,9,13,18,18,20,19,13,35,14,8
5,13,30,17,43,56,39,26,10,4,1
5,13,38,51,51,50,88,89,110,150,143
5,12,7,31,51,48,46,30,6,8,6
5,8,4,14,19,31,50,60,71,64,55
5,13,14,28,16,30,41,43,40,36,47
5,7,13,11,8,13,20,34,33,29,12
5,13,16,24,38,48,44,39,29,34,48
5,10,5,7,19,45,67,65,72,67,41
5,10,23,49,95,132,113,94,78,91,97
5,14,13,5,9,21,25,21,20,12,17
5,8,13,6,8,25,50,49,41,43,35
5,14,21,18,27,14,14,10,10,3,2
5,6,16,15,19,24,50,40,32,21,11
5,11,30,15,14,10,8,6,8,8,3
5,13,11,11,8,17,18,18,12,10,17
5,16,17,9,6,6,13,17,8,2,11
5,6,18,18,10,7,6,4,2,11,2
5,2,13,12,13,7,5,13,11,9,1
5,17,38,67,59,48,24,34,33,27,39
5,7,13,24,23,9,9,4,8,17,15
5,10,22,23,39,42,29,32,37,27,16
5,5,8,22,22,13,22,22,31,57,71
5,12,9,15,21,10,24,15,19,7,7
5,21,21,18,23,24,37,53,46,39,29
5,16,18,20,15,18,13,20,12,26,21
5,22,32,34,31,25,30,41,19,24,16
5,1,6,34,56,69,107,81,70,85,69
5,5,5,2,10,34,17,12,3,12,10
5,6,11,8,5,10,4,6,23,40,65
5,3,10,38,33,29,35,16,16,25,25
5,15,26,39,95,90,98,74,86,54,40
5,8,5,3,13,22,43,64,90,87,124
5,12,22,25,49,60,20,29,31,22,22
5,6,18,19,13,15,26,22,17,17,23
5,18,32,64,97,135,132,151,158,169,175
5,9,29,48,86,94,85,35,13,8,9
5,15,22,25,14,13,24,12,20,35,28
5,17,21,15,14,12,9,8,11,13,16
5,10,5,10,6,8,10,11,10,14,11
5,17,31,28,24,15,15,10,10,13,22
5,20,28,27,26,33,31,33,28,18,6
5,15,20,24,28,37,38,38,32,51,46
5,13,17,36,40,79,95,92,87,77,90
5,6,5,21,36,60,59,63,94,85,57
5,10,16,12,7,8,14,13,20,21,35
5,17,17,22,34,28,39,19,30,20,26
5,3,6,6,13,29,33,18,18,9,11
5,23,27,29,21,15,7,11,6,5,10
5,2,2,10,19,49,70,47,32,45,32
5,3,5,9,13,16,20,25,23,31,26
5,10,15,11,13,24,18,18,41,55,49
5,17,9,14,21,27,26,58,99,113,124
5,15,21,16,11,15,27,16,13,12,10
5,29,53,72,47,78,77,130,157,176,183
5,13,11,6,7,19,8,11,14,2,3
5,11,18,35,48,72,54,42,25,21,32
5,11,25,27,14,24,37,72,51,44,32
5,21,20,18,15,15,5,11,17,10,3
5,13,20,22,38,31,20,23,24,37,45
5,13,22,29,32,43,42,52,38,39,29
5,9,17,29,12,24,33,12,15,9,13
5,17,19,50,63,56,56,77,69,71,58
5,13,22,21,30,26,31,40,57,62,58
5,4,3,7,19,28,53,47,44,29,20
5,5,18,40,53,54,30,31,41,40,33
5,4,5,6,6,14,15,18,15,12,11
5,13,22,19,27,13,9,7,5,13,6
5,27,25,19,16,22,12,6,13,12,6
5,9,4,9,13,31,59,74,100,78,59
5,8,5,3,13,11,19,34,47,44,38
5,20,21,30,28,10,6,3,7,17,10
5,5,6,9,7,21,29,47,55,58,63
5,10,19,19,24,30,19,12,13,16,15
5,14,14,15,26,23,24,23,47,28,21
5,12,28,23,20,21,26,18,26,25,20
5,3,14,38,48,60,63,69,68,61,78
5,25,41,44,39,39,37,29,27,45,51
5,18,35,39,30,52,46,56,40,44,41
5,13,14,20,23,22,42,84,91,70,62
5,9,9,14,13,36,60,72,71,57,66
5,6,7,6,25,56,36,42,43,13,19
5,7,12,11,27,26,25,25,10,8,3
5,15,17,8,13,25,13,8,2,3,9
5,9,5,6,15,31,44,39,32,14,3
5,10,28,39,22,9,22,13,14,4,4
5,3,4,9,21,16,13,12,10,12,6
5,4,15,17,26,38,59,61,34,25,18
5,15,30,38,37,73,63,86,59,67,78
5,7,3,6,7,10,8,2,8,5,7
5,14,22,30,41,45,51,52,68,61,57
5,12,19,16,21,25,25,8,22,15,28
5,8,3,8,25,32,23,20,14,29,30
5,10,24,12,12,7,12,14,10,37,28
5,2,17,32,36,25,71,94,131,127,104
5,5,4,22,75,119,85,71,48,33,46
5,13,12,26,41,14,11,8,6,15,11
5,19,53,48,64,58,62,44,30,23,24
5,2,5,10,9,13,10,22,43,25,3
5,4,12,30,61,120,155,182,208,244,238
5,17,17,36,31,51,47,43,55,44,51
5,6,3,7,2,2,4,9,7,3,7
5,9,10,18,24,22,18,15,11,15,15
5,21,12,20,13,28,45,46,55,34,46
5,9,20,42,72,73,88,92,55,38,34
5,13,22,22,18,12,16,12,17,19,22
5,6,6,12,22,18,15,20,14,21,32
5,7,9,13,8,13,37,24,19,26,59
5,6,4,17,14,14,9,15,7,4,1
5,13,19,22,23,55,65,49,30,18,25
5,6,21,35,40,60,71,58,53,57,70
5,13,25,58,73,111,108,75,92,99,69
5,8,13,16,17,29,23,21,23,14,15
5,11,8,8,8,10,8,21,24,20,16
5,1,6,12,23,13,18,18,19,11,15
5,13,17,29,51,46,88,95,131,121,112
5,4,16,18,17,33,28,17,16,7,8
5,5,5,13,11,4,10,19,28,25,11
5,7,8,9,13,22,49,62,60,77,70
5,4,5,11,10,19,30,49,35,20,15
5,14,23,21,15,31,56,72,64,46,20
5,5,7,21,33,45,48,64,70,94,129
5,8,4,6,8,11,19,27,52,71,103
5,5,6,8,6,3,10,34,28,36,37
5,13,26,47,56,63,51,50,40,18,19
5,10,9,9,4,6,8,14,13,4,7
5,7,18,21,23,19,20,14,29,53,49
5,8,6,11,24,44,59,48,19,21,17
5,3,12,13,10,12,28,19,30,17,17
5,18,13,20,32,24,14,15,15,23,26
5,8,22,41,30,11,12,30,48,77,65
5,13,8,11,15,9,13,41,59,50,90
5,7,6,12,30,49,52,41,22,10,7
5,6,21,21,14,12,16,20,23,10,1
5,7,18,20,28,31,20,22,21,8,9
5,7,14,25,34,42,39,42,36,18,4
5,4,11,17,32,13,10,27,17,14,6
5,12,21,16,10,13,17,5,2,2,5
5,6,4,12,24,39,48,58,45,58,63
5,27,57,55,53,103,102,82,77,78,62
5,11,24,9,4,7,7,7,10,12,10
5,8,11,26,31,18,22,31,23,45,47
5,8,18,25,35,19,38,47,44,28,31
5,11,15,16,5,7,6,3,6,9,6
5,4,7,19,29,37,26,37,59,40,44
5,4,7,28,27,30,42,31,21,17,19
5,20,24,20,29,31,25,41,68,72,40
5,23,25,15,17,4,12,7,2,5,1
5,7,12,16,29,20,23,32,65,89,112
5,6,15,13,11,17,4,13,8,4,9
5,14,28,17,14,31,52,47,46,56,45
5,8,18,17,41,61,60,36,10,12,28
5,3,5,2,4,20,37,52,61,41,28
5,9,42,99,128,103,87,102,138,124,131
5,3,7,16,23,20,18,19,30,15,16
5,10,9,14,19,10,13,24,35,56,60
5,2,6,21,23,39,44,46,31,18,28
5,15,38,17,5,12,32,37,26,12,6
5,4,4,14,28,21,34,24,22,21,13
5,14,12,9,5,2,5,7,8,11,6
5,3,5,9,9,8,9,18,15,15,8
5,7,12,33,32,18,23,19,30,32,23
5,15,20,34,27,25,26,32,10,12,7
5,5,4,3,10,8,3,7,8,14,38
5,10,8,6,15,30,49,43,37,20,19
5,17,17,22,13,12,21,21,17,22,17
5,15,22,46,52,87,109,104,81,58,82
5,4,12,23,15,30,23,12,20,25,46
5,11,14,27,35,24,17,22,21,22,30
5,10,23,33,47,70,42,13,13,4,12
5,10,5,19,46,51,55,33,17,5,7
5,9,12,13,24,17,35,26,23,11,4
5,23,24,12,8,16,29,38,17,32,30
5,14,6,10,10,12,11,20,13,7,1
5,15,17,22,16,29,33,49,43,27,13
5,11,11,4,2,4,2,12,28,25,28
5,25,37,52,28,23,21,30,39,46,68
5,8,16,21,16,29,42,44,56,54,34
5,8,13,28,18,15,14,10,9,18,26
5,9,20,28,39,82,91,69,80,64,62
5,13,22,24,29,16,8,7,8,6,8
5,11,15,24,42,42,32,22,15,31,22
5,4,20,32,16,13,18,24,13,12,1
5,11,21,16,12,34,27,45,63,75,54
5,16,17,32,22,41,67,74,53,35,47
5,6,15,22,29,35,36,34,23,18,13
5,17,24,12,37,53,28,14,9,8,11
5,4,7,5,4,11,7,10,22,26,38
5,2,8,20,32,36,26,31,28,21,26
5,7,5,30,31,61,76,64,40,80,84
5,2,3,7,19,15,14,14,22,10,5
5,2,7,3,7,9,21,17,22,10,9
5,19,12,8,9,23,38,47,52,33,24
5,4,14,29,27,12,9,5,6,11,27
5,4,8,18,16,14,35,37,31,26,20
5,8,13,6,9,12,27,23,29,31,23
5,6,16,40,46,35,41,63,41,36,50
5,4,7,19,15,17,33,62,28,43,35
5,3,6,9,9,11,11,5,9,28,24
5,5,6,10,17,28,21,13,26,18,12
5,16,19,31,39,34,38,39,38,30,25
5,28,43,67,57,47,56,55,57,34,38
5,9,9,2,3,9,25,29,12,17,16
5,10,22,17,19,25,23,21,7,4,9
5,9,27,28,33,28,20,41,53,28,12
5,21,18,28,21,16,21,28,25,29,8
5,6,16,16,26,33,54,70,79,66,48
5,10,21,20,16,23,42,35,34,29,20
5,9,7,8,11,30,29,36,27,25,16
5,13,16,14,3,5,14,27,43,44,60
5,19,37,44,33,27,27,22,41,47,37
5,10,12,13,28,35,27,57,93,77,90
5,17,32,21,18,17,16,23,14,25,12
5,2,7,13,14,7,20,5,9,10,20
5,6,8,36,79,92,100,86,80,135,153
5,12,24,35,33,16,23,10,22,25,24
5,18,19,21,18,21,39,25,18,13,8
5,7,22,37,51,55,58,50,24,17,4
5,19,28,26,44,50,59,44,57,31,30
5,7,15,2,10,8,13,8,10,10,18
5,7,4,8,10,29,40,52,46,28,13
5,8,9,12,20,15,13,5,3,4,6
5,5,6,10,14,12,24,38,28,15,24
5,10,15,15,33,57,47,21,25,41,36
5,14,30,68,71,89,93,102,96,73,79
5,4,11,13,11,19,22,19,17,22,14
5,11,14,23,7,9,7,3,1,1,9
5,14,7,9,18,11,13,15,17,42,49
5,11,11,13,12,17,21,15,31,43,59
5,7,14,25,37,34,38,52,34,19,7
5,19,21,12,23,52,87,84,125,115,84
5,27,37,52,33,18,29,20,19,36,22
5,5,5,8,6,5,20,34,17,15,2
5,8,18,9,12,12,13,15,26,19,30
5,10,8,10,17,35,48,20,13,39,57
5,4,16,27,17,22,26,26,30,20,14
5,12,22,32,19,15,4,10,31,43,45
5,3,5,3,8,17,13,9,12,10,22
5,8,10,26,24,17,13,7,14,20,19
5,5,9,16,18,32,26,52,76,59,39
5,7,26,24,5,7,7,21,15,8,11
5,23,12,22,13,22,58,54,74,95,125
5,10,4,3,6,4,28,47,36,32,21
5,15,14,15,28,26,52,72,69,93,85
5,6,10,14,26,28,32,22,15,30,32
5,12,13,7,27,26,17,16,4,20,21
5,14,11,15,19,11,6,13,21,18,48
5,14,43,74,88,62,39,20,31,36,29
5,8,10,18,26,50,54,71,73,66,56
5,6,24,31,42,62,87,61,65,51,39
5,16,8,11,21,12,18,30,30,37,35
5,5,4,18,20,16,12,8,7,20,17
5,12,30,30,14,8,24,40,34,36,42
5,11,14,39,20,24,27,35,31,30,16
5,3,18,24,26,58,70,63,95,117,107
5,10,19,24,15,12,42,81,109,115,122
5,4,19,27,9,12,8,7,5,4,7
5,5,17,20,31,49,34,35,31,39,46
5,3,7,5,7,8,33,23,24,41,26
5,4,18,36,32,26,11,19,33,42,41
5,5,12,5,3,4,8,5,8,13,4
5,15,18,21,22,23,23,35,33,27,27
5,18,13,15,11,12,13,20,15,63,66
5,10,22,27,34,35,35,14,21,13,10
5,21,22,9,18,11,23,41,41,44,31
5,3,16,26,15,16,29,33,30,18,20
5,23,31,31,35,25,42,66,68,52,61
5,9,21,30,24,37,37,37,49,61,80
5,5,4,7,15,18,17,20,16,13,18
5,9,21,23,19,12,22,33,34,43,42
5,7,7,16,25,29,50,67,57,43,35
5,7,20,22,28,29,31,40,50,33,20
5,17,10,13,13,7,12,27,34,36,26
5,7,21,30,47,29,41,77,54,65,48
5,4,3,7,5,24,18,15,18,18,6
5,9,15,16,31,16,23,11,15,12,14
5,3,3,5,10,9,18,19,14,12,12
5,17,24,31,28,46,39,32,26,47,55
5,10,17,29,36,49,63,51,32,49,57
5,2,6,4,3,4,13,19,36,29,36
5,2,10,8,10,10,19,32,39,23,37
5,8,10,8,8,11,43,65,71,88,68
5,5,10,24,33,24,38,31,24,47,57
5,18,15,24,63,66,80,52,64,61,55
5,13,20,37,51,41,52,60,68,44,28
5,16,27,40,32,41,18,8,3,9,13
5,8,12,11,4,15,13,21,29,34,26
5,4,13,19,19,28,23,16,22,7,1
5,9,18,30,19,14,20,37,44,35,34
5,10,17,10,15,19,21,13,11,17,38
5,6,8,10,7,20,5,16,18,15,18
5,9,10,15,9,4,5,13,13,19,32
5,29,51,57,33,43,49,75,83,61,36
5,20,27,46,57,86,115,132,142,122,128
5,6,7,19,26,48,69,63,47,47,43
5,15,16,7,5,9,13,27,26,37,59
5,3,9,18,8,7,11,25,58,107,129
5,18,34,37,45,22,25,26,9,12,24
5,5,13,16,25,12,10,4,7,5,9
5,9,20,14,55,41,67,92,102,88,84
5,5,9,14,17,34,28,26,15,33,29
5,28,29,36,44,59,79,65,32,18,21
5,5,5,6,11,34,30,43,74,74,80
5,10,16,32,26,24,44,53,54,72,60
5,8,14,17,25,9,12,19,38,32,16
5,10,15,11,17,28,45,60,38,30,22
5,7,10,15,19,26,46,25,2,3,3
5,3,7,9,31,42,32,30,23,25,48
5,7,19,16,48,42,21,25,27,14,7
5,16,13,18,25,30,49,69,71,50,39
5,13,12,29,38,29,34,52,54,57,45
5,9,5,12,7,5,18,21,9,6,7
5,20,16,19,16,27,12,15,8,9,4
5,8,13,14,37,44,35,51,101,93,91
5,6,15,28,59,84,138,87,73,116,113
5,11,20,11,17,24,43,86,80,77,55
5,7,6,12,17,20,32,68,87,120,138
5,10,14,7,10,4,9,21,46,59,49
5,8,21,46,55,62,89,127,177,280,286
5,14,16,18,21,22,16,28,52,61,70
5,23,33,47,35,25,11,8,8,15,17
5,13,20,18,22,21,9,21,18,29,34
5,9,13,7,8,10,6,22,15,12,18
5,19,52,108,110,120,123,116,89,60,28
5,4,1,5,12,16,4,8,10,10,15
5,5,2,9,23,20,31,43,29,24,21
5,8,8,7,22,26,18,19,15,8,3
5,2,2,7,8,11,9,7,4,5,1
5,17,24,34,43,51,62,71,67,45,47
5,13,25,27,40,39,44,36,67,29,19
5,4,2,13,17,11,27,19,25,24,55
5,15,18,10,9,17,25,17,8,6,23
5,4,7,5,10,12,8,10,16,18,21
5,7,4,10,7,10,13,6,19,28,34
5,4,17,50,49,44,46,42,51,48,65
5,14,16,25,27,29,40,70,60,44,47
5,4,3,5,7,12,10,12,16,66,72
5,6,13,18,17,25,12,19,21,16,7
5,2,7,4,9,8,7,11,29,18,20
5,9,25,30,31,41,26,15,12,10,12
5,8,6,20,29,52,40,32,34,25,42
5,12,22,30,50,72,80,83,96,94,137
5,7,11,2,2,6,14,16,16,16,23
5,12,16,5,4,2,2,6,12,27,27
5,8,21,25,17,8,15,16,13,11,18
5,15,28,34,34,26,29,35,28,15,13
5,10,6,4,14,17,20,21,27,37,27
5,8,13,16,28,34,54,60,71,87,106
5,10,17,41,31,47,41,32,17,26,24
5,25,22,10,4,10,14,22,46,32,28
5,11,17,16,9,26,21,42,58,64,61
5,12,9,8,10,23,38,44,66,91,118
5,14,22,14,7,6,15,22,24,25,35
5,29,38,28,8,8,7,5,3,4,1
5,10,12,22,26,40,50,63,84,117,132
5,21,22,30,42,43,22,17,9,9,14
5,6,9,17,19,31,46,29,35,28,14
5,17,26,24,24,23,10,34,36,18,17
5,7,10,14,7,13,2,7,5,11,24
5,8,12,18,30,27,24,21,33,32,16
5,16,16,14,37,20,49,42,42,20,15
5,2,9,13,11,16,15,18,5,11,4
5,3,8,25,39,42,46,40,55,51,73
5,12,15,14,16,15,21,19,33,42,44
5,3,7,13,10,24,26,24,25,11,2
5,20,25,45,63,58,42,35,45,50,42
5,7,7,4,2,10,16,34,44,41,19
5,15,14,6,8,23,38,46,75,87,70
5,8,14,20,28,40,44,66,94,134,85
5,10,9,12,8,18,24,35,36,50,56
5,9,14,14,12,19,28,36,45,60,57
5,16,29,34,38,41,47,31,9,21,21
5,10,16,28,23,23,24,20,27,19,22
5,4,10,20,24,9,6,7,3,10,14
5,6,19,14,12,20,17,19,19,19,6
5,12,20,19,43,53,44,30,36,39,25
5,8,16,18,15,23,18,18,12,12,1
5,6,8,9,17,25,52,64,45,42,45
5,4,8,8,16,28,42,50,32,26,19
5,20,23,48,29,47,32,30,10,14,29
5,18,32,37,43,69,61,65,77,83,86
5,15,16,15,18,8,7,3,5,23,34
5,6,21,22,35,22,10,14,7,8,3
5,12,7,9,15,11,4,10,20,26,18
5,9,7,25,27,62,55,80,77,76,67
5,1,9,14,45,44,31,40,19,11,2
5,7,5,9,12,46,71,92,88,86,69
5,6,5,15,34,31,24,23,24,26,30
5,21,21,22,18,9,21,27,18,2,9
5,10,17,23,41,36,52,21,4,6,2
5,6,5,12,17,11,36,42,50,66,77
5,9,17,27,29,48,40,25,22,27,33
5,17,12,9,18,20,21,27,28,40,34
5,8,12,6,9,23,38,31,21,29,25
5,10,12,13,28,27,15,10,4,24,23
5,4,17,11,20,15,25,41,61,35,58
5,21,20,24,36,46,37,25,30,35,26
5,8,8,10,27,32,48,30,43,56,74
5,25,36,25,22,38,37,39,31,28,21
5,11,11,25,17,23,18,23,61,57,51
5,4,6,3,3,5,7,3,4,2,1
5,5,8,10,20,21,28,28,21,18,25
5,14,25,31,23,17,17,9,10,26,21
5,11,7,9,10,8,14,27,22,16,14
5,7,15,20,40,53,51,53,87,120,136
5,25,45,70,80,78,66,50,65,82,95
5,8,8,20,27,19,20,11,11,32,33
5,7,3,5,12,18,19,28,36,61,57
5,7,7,13,11,6,8,4,4,9,13
5,9,17,15,52,70,118,62,38,42,61
5,13,13,12,17,4,12,24,38,61,56
5,10,14,8,21,24,40,67,59,44,41
5,7,8,11,17,15,18,38,40,36,42
5,7,8,12,15,32,34,46,47,45,52
5,7,17,12,16,19,16,19,20,29,16
5,16,12,4,12,24,26,47,52,83,116
5,19,50,64,33,11,9,13,13,24,39
5,7,20,20,34,26,28,15,25,35,64
5,19,5,10,14,20,17,19,19,38,50
5,18,18,31,40,71,65,65,45,61,63
5,10,8,5,4,9,13,29,20,15,26
5,1,5,7,10,17,30,38,32,39,20
5,5,12,18,24,25,27,25,29,8,12
5,8,13,21,36,28,11,5,6,11,22
5,14,29,33,32,31,21,20,23,22,39
5,6,11,4,36,54,92,115,79,68,64
5,9,25,40,40,32,34,43,57,60,80
5,6,25,39,39,32,46,40,77,103,93
5,9,10,28,48,31,30,32,32,25,19
5,12,8,10,15,15,21,10,11,8,1
5,28,32,42,71,66,60,38,21,27,25
5,11,8,17,26,41,43,51,33,31,29
5,11,10,18,34,46,53,63,71,59,42
5,20,24,42,46,60,52,33,53,42,48
5,18,29,25,26,10,9,16,11,5,2
5,15,19,21,15,20,43,70,72,96,96
5,2,4,15,7,12,9,13,11,13,7
5,15,21,10,11,16,39,34,56,55,68
5,6,11,10,18,19,21,27,37,55,42
5,9,14,46,57,76,81,96,113,98,94
5,10,7,19,14,10,14,11,20,7,12
5,11,11,12,14,23,29,21,21,42,30
5,3,4,3,17,35,43,35,27,23,16
5,6,26,29,36,45,36,25,28,7,2
5,17,43,32,25,45,41,17,7,3,2
5,18,31,27,33,28,76,82,97,90,86
5,23,65,84,124,136,149,136,190,220,182
5,4,12,31,61,48,54,38,58,54,28
5,7,2,13,42,86,99,99,95,90,122
5,10,20,39,37,28,27,45,34,23,39
5,16,26,20,47,48,36,45,71,96,131
5,9,12,12,7,3,10,6,12,22,29
5,10,12,29,31,27,25,30,52,57,40
5,26,57,46,56,50,49,38,26,7,7
5,1,5,25,40,18,19,35,42,9,2
5,14,26,41,54,39,54,37,14,5,5
5,5,8,5,5,14,21,19,30,52,54
5,20,39,20,12,13,14,12,23,14,16
5,7,15,12,30,55,62,47,53,52,38
5,14,7,7,3,5,6,9,4,13,5
5,19,30,24,9,5,4,4,7,3,2
5,6,11,15,20,18,21,25,25,31,38
5,13,4,8,6,6,8,17,16,28,27
5,6,18,10,11,15,23,23,23,32,20
5,10,21,21,24,37,39,39,38,19,23
5,25,22,24,53,61,40,26,15,18,9
5,15,11,7,5,4,5,4,4,5,4
5,26,38,36,14,14,35,52,44,34,47
5,4,12,6,8,17,31,26,22,19,24
5,9,15,11,15,14,20,8,11,8,5
5,6,17,27,18,14,26,57,50,21,31
5,4,19,22,16,16,13,7,6,3,2
5,4,4,7,23,33,9,13,11,11,12
5,9,24,37,13,14,27,29,49,47,64
5,8,6,12,13,3,11,20,14,23,25
5,19,35,33,31,35,51,53,70,102,140
5,3,6,20,32,42,38,37,29,24,19
5,15,31,62,48,29,35,62,91,126,163
5,4,8,6,9,15,18,18,21,9,6
5,12,38,29,13,2,4,11,3,5,11
5,10,7,3,5,7,6,25,29,29,41
5,7,27,24,19,21,20,28,42,39,34
5,11,12,17,20,19,29,20,36,26,26
5,4,5,22,33,37,38,47,43,60,72
5,3,5,11,27,27,28,32,36,16,3
5,17,29,15,14,27,18,18,14,12,18
5,8,14,25,9,9,16,40,49,39,33
5,13,18,22,24,30,46,41,41,23,11
5,1,7,10,8,22,20,40,29,34,42
5,9,8,6,6,5,2,9,11,10,5
5,3,10,16,36,15,22,16,13,13,7
5,12,20,35,49,50,59,80,84,75,73
5,9,16,20,27,29,30,32,27,41,37
5,12,11,10,18,33,19,14,3,2,1
5,10,9,13,12,19,25,36,50,41,48
5,9,16,24,30,52,92,105,127,87,114
5,15,18,15,23,39,25,17,24,35,24
5,2,6,9,14,14,11,16,7,9,9
5,8,5,7,13,17,27,60,54,54,59
5,11,25,13,12,3,5,16,23,18,15
5,7,5,5,4,5,10,24,18,21,22
5,13,21,29,27,32,37,31,22,16,14
5,3,8,15,22,27,27,20,13,7,8
5,5,27,29,15,14,8,7,13,8,4
5,11,12,37,34,22,15,18,39,47,47
5,20,26,15,32,21,31,18,6,14,11
5,5,11,27,36,47,35,43,44,45,59
5,7,9,6,10,7,14,37,71,90,127
5,9,7,18,28,42,45,62,60,57,60
5,8,10,17,15,24,37,75,84,106,118
5,13,11,18,31,63,47,53,37,14,10
5,8,8,9,4,5,7,23,31,28,23
5,11,25,31,18,34,64,86,125,132,145
5,5,10,15,25,31,35,44,50,39,31
5,15,23,15,31,27,48,58,50,19,18
5,4,8,12,18,21,41,54,54,40,47
5,15,28,57,58,42,40,35,29,42,28
5,9,36,43,29,16,10,26,46,49,20
5,8,19,11,10,7,8,7,13,19,26
5,5,15,40,22,27,51,47,53,68,79
5,10,36,28,39,66,44,31,51,35,27
5,16,32,36,40,32,51,59,106,163,174
5,19,16,25,23,4,5,10,30,49,19
5,17,19,45,45,31,45,73,67,81,88
5,5,10,14,27,24,31,14,15,12,16
5,3,5,4,5,7,24,18,21,4,11
5,11,14,28,40,60,51,34,21,12,8
5,9,3,7,11,11,13,2,16,12,5
5,11,8,12,12,9,6,12,8,5,7
5,2,7,9,14,17,13,6,9,14,16
5,10,5,13,23,34,30,40,41,15,13
5,9,20,29,32,42,41,50,69,116,164
5,15,14,14,8,5,13,15,30,32,44
5,3,17,28,40,45,31,26,35,46,39
5,10,18,35,43,59,47,29,36,38,59
5,8,10,6,13,9,12,15,22,34,24
5,13,19,16,11,16,23,20,26,34,31
5,4,4,5,6,8,9,9,11,17,12
5,16,29,50,70,94,113,129,192,246,304
5,9,8,7,11,14,11,7,7,3,8
5,2,6,7,8,29,41,72,48,20,8
5,4,11,26,44,60,66,56,34,42,45
5,18,29,54,55,56,72,49,47,40,53
